#{"t_start": 1765838208.0316541, "env_id": "None"}
r,l,t
-240.624996,100,2.181649
-56.366249,100,2.202624
-930.567474,100,2.236105
-169.131819,100,2.252675
-1228.637485,100,2.261096
-1173.969493,100,2.286058
-569.087031,100,2.318125
-125.160144,100,2.339711
-93.787588,100,2.357114
-153.363186,100,2.378214
-1627.949648,100,2.394953
-1.3e-05,1,2.394953
-92.854431,100,2.402659
-88.773618,100,2.444325
-96.673056,100,2.455269
-454.601935,100,2.485058
-1221.571978,100,2.500971
-370.448882,100,2.527741
-567.64656,100,2.547898
-1245.710169,100,2.563647
-83.663448,100,2.578345
-222.587358,100,3.324962
-327.959123,100,3.34264
-168.323103,100,3.356641
-108.163908,100,3.381105
-597.759345,100,3.403013
-336.357895,100,3.419364
-189.620338,100,3.448452
-74.260045,100,3.468679
-88.187525,100,3.489682
-265.472991,100,3.510011
-56.69687,100,3.525799
-107.66953,100,3.552799
-159.190545,100,3.569512
-361.251218,100,3.597172
-330.875573,100,3.619442
-456.635415,100,3.644462
-49.910067,100,3.66067
-839.853276,100,3.686502
-71.804537,100,3.70269
-58.896079,100,3.721707
-58.039236,100,4.460999
-52.880051,100,4.477064
-62.2182,100,4.50388
-180.806355,100,4.523567
-426.811911,100,4.538929
-257.092387,100,4.556139
-68.442276,100,4.584584
-780.801311,100,4.596255
-137.315639,100,4.6271
-238.957821,100,4.66042
-910.578436,100,4.677723
-59.400134,100,4.698281
-71.86862,100,4.721953
-123.663421,100,4.734894
-628.430434,100,4.76438
-316.750871,100,4.777171
-69.926935,100,4.808964
-114.876814,100,4.824772
-97.537739,100,4.840855
-188.697177,100,4.864507
-83.213014,100,4.894342
-373.996266,100,5.609421
-131.30407,100,5.629186
-148.31661,100,5.652913
-55.134957,100,5.66947
-53.816725,100,5.698009
-251.882938,100,5.719454
-46.660705,100,5.727809
-78.249812,100,5.768702
-693.130905,100,5.785974
-112.392523,100,5.806056
-361.228859,100,5.827794
-46.836866,100,5.854819
-57.626928,100,5.868901
-55.362712,100,5.886153
-80.652501,100,5.911251
-8e-06,1,5.911251
-66.43021,100,5.927889
-78.347672,100,5.964845
-88.709398,100,5.98631
-71.616119,100,6.016235
-153.585543,100,6.036217
-103.347185,100,6.801455
-165.434954,100,6.823629
-51.366983,100,6.854732
-57.652308,100,6.864528
-359.358703,100,6.886125
-1.185104,4,6.886125
-62.669518,100,6.919991
-76.347064,100,6.933798
-43.959268,100,6.972654
-143.572805,100,6.98854
-91.198507,100,7.004492
-87.589498,100,7.019447
-84.435505,100,7.044256
-89.797347,100,7.065388
-49.826816,100,7.081359
-73.890717,100,7.094515
-69.137302,100,7.131554
-135.125578,100,7.15209
-63.045018,100,7.17757
-286.572241,100,7.294553
-53.427352,100,7.326073
-55.306541,100,7.352052
-50.739447,100,8.079865
-44.047678,100,8.094589
-63.88778,100,8.119525
-48.862246,100,8.131043
-66.299308,100,8.160321
-72.721289,100,8.176964
-65.27482,100,8.186304
-53.341449,100,8.211121
-124.143778,100,8.236268
-57.60517,100,8.244499
-48.823043,100,8.277804
-198.434218,100,8.293551
-58.98074,100,8.319563
-51.089216,100,8.331199
-62.289341,100,8.360302
-51.112514,100,8.377909
-55.016959,100,8.405133
-101.50242,100,8.410325
-65.943215,100,8.432349
-47.847948,100,8.45292
-49.596669,100,9.133197
-46.716759,100,9.157243
-1.309759,9,9.157243
-77.363752,100,9.1887
-68.456411,100,9.204831
-48.29016,100,9.236262
-47.48553,100,9.257015
-70.474926,100,9.280061
-55.806602,100,9.30297
-72.622447,100,9.311235
-60.20995,100,9.348198
-47.064555,100,9.366
-133.551196,100,9.381849
-139.25087,100,9.409009
-40.596708,100,9.428733
-140.636257,100,9.444492
-62.86923,100,9.465367
-54.964696,100,9.46959
-48.710905,100,9.506737
-58.268653,100,9.52829
-95.95988,100,9.544532
-48.961281,100,9.564757
-82.109434,100,10.277829
-54.235218,100,10.314697
-61.85506,100,10.327915
-45.457903,100,10.352891
-51.284883,100,10.368831
-46.806242,100,10.394524
-51.958418,100,10.415008
-46.345982,100,10.427975
-50.639816,100,10.460056
-51.804514,100,10.478005
-49.111052,100,10.506668
-59.615505,100,10.523005
-70.244652,100,10.554426
-53.051429,100,10.569524
-4.2e-05,1,10.569524
-54.165838,100,10.594737
-58.753352,100,10.610834
-47.016317,100,10.64458
-71.865594,100,10.66964
-5.807492,13,10.66964
-68.082067,100,10.686583
-51.749015,100,10.715664
-76.499986,100,11.463873
-50.247236,100,11.480329
-65.091819,100,11.497631
-3.8e-05,1,11.497631
-55.029806,100,11.502969
-53.127782,100,11.518998
-51.968623,100,11.558956
-55.549866,100,11.585536
-9.360507,20,11.586239
-54.180759,100,11.602927
-56.09796,100,11.631166
-54.864266,100,11.652942
-61.993158,100,11.672858
-63.638737,100,11.705007
-48.801948,100,11.71955
-44.106605,100,11.751003
-48.976273,100,11.77296
-50.828582,100,11.788769
-58.747723,100,11.802914
-48.698239,100,11.834574
-54.057761,100,11.861273
-54.753865,100,11.882651
-62.26014,100,12.600727
-54.942495,100,12.617142
-49.615727,100,12.63624
-53.24682,100,12.654365
-50.448783,100,12.669889
-51.642781,100,12.686387
-52.300827,100,12.705292
-56.282871,100,12.7199
-46.671054,100,12.745353
-54.839078,100,12.762835
-55.20952,100,12.778351
-46.581041,100,12.797963
-45.521315,100,12.828053
-70.897039,100,12.854376
-49.303372,100,12.86984
-55.510085,100,12.886826
-47.569696,100,12.977903
-45.418966,100,13.002819
-51.345364,100,13.020537
-49.209106,100,13.045279
-51.490581,100,13.067524
-56.722218,100,13.796665
-50.324887,100,13.81456
-54.670747,100,13.828313
-53.602605,100,13.845137
-71.961915,100,13.865544
-46.413938,100,13.895973
-50.000267,100,13.917428
-47.416651,100,13.927931
-49.748628,100,13.954148
-50.741594,100,13.974663
-44.914745,100,13.997579
-54.998918,100,14.017406
-46.998764,100,14.043476
-69.076266,100,14.061208
-46.98122,100,14.079101
-52.756319,100,14.09671
-51.954719,100,14.117438
-58.605469,100,14.128079
-40.585456,81,14.14505
-48.945413,100,14.16884
-14.787395,29,14.169674
-52.286339,100,14.886246
-50.630224,100,14.903326
-59.268978,100,14.920341
-51.406315,100,14.943484
-53.766118,100,14.961275
-45.271685,100,14.980877
-49.049783,100,15.000809
-56.638687,100,15.019937
-52.576829,100,15.044576
-55.015581,100,15.070055
-47.312576,100,15.094915
-45.029816,100,15.112502
-57.829676,100,15.136303
-7.543595,17,15.139549
-57.959524,100,15.157029
-52.333784,100,15.177969
-48.072757,100,15.200777
-52.945538,100,15.220168
-48.383343,100,15.24341
-46.877432,100,15.262113
-48.513993,100,15.286697
-48.8882,100,16.027956
-47.730671,100,16.04511
-50.975742,100,16.061592
-48.117618,100,16.093126
-57.552228,100,16.111201
-67.12875,100,16.138563
-50.653032,100,16.159109
-53.279701,100,16.169585
-53.255771,100,16.201018
-41.390064,100,16.219981
-48.079447,100,16.244668
-50.410726,100,16.269596
-55.28953,100,16.286352
-39.685926,100,16.303451
-57.919841,100,16.328316
-39.382111,100,16.346712
-57.990016,100,16.365682
-69.645737,100,16.386613
-70.125763,100,16.414169
-54.878816,100,16.438838
-51.168678,100,16.462013
-41.440149,100,17.238582
-48.377276,100,17.256173
-52.57705,100,17.26984
-51.078841,100,17.295761
-43.255508,100,17.318577
-50.440078,100,17.337485
-46.375238,100,17.358202
-46.954643,100,17.38238
-51.380837,100,17.411783
-43.379133,100,17.428618
-47.210251,100,17.445151
-54.274907,100,17.462077
-51.678154,100,17.478493
-54.048272,100,17.497846
-47.976357,100,17.528702
-52.519567,100,17.547396
-4.8e-05,1,17.547396
-56.86915,100,17.565182
-46.687292,100,17.578029
-51.581803,100,17.598906
-56.203602,100,17.616352
-44.684921,100,18.309106
-50.939013,100,18.32028
-56.282028,100,18.343699
-46.079732,100,18.371115
-48.927145,100,18.386771
-44.805514,100,18.403423
-47.80652,100,18.420556
-49.656331,100,18.453367
-57.520154,100,18.475591
-51.48174,100,18.49475
-55.394615,100,18.522915
-48.822133,100,18.54577
-55.021363,100,18.565994
-44.229489,100,18.586971
-49.982887,100,18.654319
-48.292361,100,18.669803
-55.471624,100,18.698122
-3.600286,4,18.699122
-48.375405,100,18.7176
-44.419282,90,18.741665
-55.879929,100,18.759267
-50.196912,100,18.778538
-44.13095,100,19.467551
-46.058389,100,19.490768
-48.28765,100,19.511431
-51.253212,100,19.528094
-49.687789,100,19.545419
-51.457977,100,19.569752
-42.270322,100,19.596982
-51.428786,100,19.617732
-51.844535,100,19.628076
-48.826297,100,19.653112
-50.618295,100,19.670192
-51.066552,100,19.698304
-48.388524,100,19.720742
-50.895227,100,19.738677
-49.418543,100,19.7564
-38.434899,100,19.770318
-45.116244,100,19.786818
-43.037243,100,19.803468
-48.890369,100,19.830731
-48.023791,100,19.853583
-47.650438,100,20.519824
-47.167225,100,20.538631
-46.359155,100,20.555531
-44.053363,100,20.578478
-49.274257,100,20.603634
-41.773564,100,20.628132
-49.325002,100,20.647619
-3.600286,4,20.647619
-46.832707,100,20.662422
-39.093618,100,20.686526
-50.133991,100,20.714477
-51.926268,100,20.738814
-46.019816,100,20.76171
-43.072969,100,20.778648
-54.518812,100,20.802081
-42.264347,100,20.820009
-50.501345,100,20.843682
-44.012173,100,20.865114
-39.479639,100,20.884278
-39.034513,100,20.903398
-51.115813,100,20.92039
-47.195399,100,20.945519
-41.40744,100,21.687717
-44.357303,100,21.716261
-46.435816,100,21.736536
-40.558308,100,21.754405
-43.546782,100,21.769828
-52.129308,100,21.792744
-48.858223,100,21.820391
-52.277578,100,21.839823
-40.431045,100,21.856443
-42.505546,100,21.880516
-48.236858,100,21.902272
-45.152563,100,21.923415
-47.041591,100,21.940758
-49.85684,100,21.958456
-43.202393,100,21.979315
-48.987346,100,21.996098
-44.502048,100,22.020689
-46.452513,100,22.045717
-44.822325,100,22.063127
-47.503733,100,22.080637
-38.348987,100,22.744821
-44.647977,100,22.768685
-43.87919,100,22.786958
-46.875366,100,22.811461
-44.965652,100,22.837983
-40.612018,100,22.862459
-45.028947,100,22.878658
-48.220002,100,22.902257
-46.020405,100,22.920614
-47.683432,100,22.945774
-48.445944,100,22.978287
-47.138334,100,22.997232
-43.182318,100,23.014919
-47.143397,100,23.039894
-23.320981,57,23.045613
-42.324603,100,23.070312
-49.606319,100,23.086664
-49.192395,100,23.103682
-2.277415,6,23.112007
-49.09284,100,23.128319
-43.831599,100,23.145509
-46.439542,100,23.165828
-46.280516,100,23.886521
-48.178458,100,23.911632
-41.211272,100,23.928192
-40.380222,100,23.956404
-36.934522,100,23.96981
-37.27663,100,23.997183
-37.404797,100,24.015834
-43.306306,100,24.028682
-44.98126,100,24.056568
-43.571467,100,24.082158
-44.422078,100,24.101173
-45.426991,100,24.136544
-49.226785,100,24.154447
-44.724603,100,24.178585
-0.14205,2,24.178585
-41.768834,100,24.198994
-42.473695,100,24.222151
-47.759928,100,24.244843
-41.934562,100,24.264204
-41.709603,100,24.278632
-40.951056,100,24.303698
-43.109551,100,24.328226
-45.17353,100,25.020399
-43.177864,100,25.045246
-43.618675,100,25.066993
-44.600757,100,25.087009
-47.535811,100,25.112992
-44.211421,100,25.128687
-41.723653,100,25.159962
-38.012349,100,25.178756
-40.268564,100,25.199084
-40.523159,100,25.218849
-36.362603,100,25.236556
-44.709439,100,25.254378
-41.523662,100,25.269851
-43.832583,100,25.287069
-39.866824,100,25.303906
-47.926126,100,25.328752
-42.155342,100,25.345391
-37.485486,100,25.369822
-39.167229,100,25.397136
-40.552817,100,25.419979
-42.566427,100,26.110328
-33.908195,100,26.12886
-40.476994,100,26.157281
-46.261715,100,26.178783
-47.810709,100,26.203132
-41.521361,100,26.220404
-44.245357,100,26.244123
-33.573778,100,26.263877
-39.624221,100,26.28095
-47.940763,100,26.303973
-47.472766,100,26.320343
-46.017411,100,26.337843
-43.031736,100,26.358639
-39.515589,100,26.387271
-44.637892,100,26.404063
-35.997554,100,26.428579
-43.884568,100,26.444851
-47.040407,100,26.46312
-42.935834,100,26.486598
-44.049013,100,26.503558
-38.887847,100,26.520752
-41.423204,100,27.286618
-0.470157,2,27.286618
-42.439041,100,27.304068
-52.462262,100,27.337093
-42.059525,100,27.355512
-46.302951,100,27.370017
-39.073718,100,27.396271
-40.387724,100,27.42005
-42.819927,100,27.439835
-45.937693,100,27.460515
-41.167783,100,27.478409
-35.229605,100,27.501391
-40.398217,100,27.519878
-42.934895,100,27.543023
-42.690357,100,27.560562
-42.817125,100,27.578298
-38.046002,100,27.604116
-6e-06,1,27.604116
-45.99607,100,27.629355
-45.979009,100,27.65333
-37.154683,100,27.670069
-13.811092,43,27.678342
-36.917189,100,27.709361
-42.921282,100,28.455688
-43.104513,100,28.475014
-35.390423,100,28.48709
-37.302326,100,28.504051
-37.48251,100,28.52867
-8.619449,30,28.540874
-44.670447,100,28.564043
-37.124225,100,28.578371
-42.385987,100,28.600176
-36.74929,100,28.620442
-37.355096,100,28.6419
-32.595989,100,28.662219
-20.99445,59,28.687103
-39.074434,100,28.703959
-38.704665,100,28.720841
-42.693365,100,28.74398
-41.357495,100,28.762031
-47.25225,100,28.778811
-2.426383,6,28.778811
-3.6e-05,1,28.778811
-46.832845,100,28.803297
-44.948821,100,28.820415
-42.154414,100,28.843882
-42.152334,100,29.528658
-38.793753,100,29.545479
-47.43345,100,29.562644
-39.6528,100,29.586788
-45.338206,100,29.604156
-37.342593,100,29.628808
-37.114502,100,29.660538
-43.871075,100,29.67909
-45.19905,100,29.703239
-38.579887,100,29.769968
-42.221809,100,29.787113
-40.099787,100,29.803843
-45.848655,100,29.828335
-41.055704,100,29.853407
-41.5915,100,29.870481
-41.892414,100,29.891036
-44.796582,100,29.904025
-38.333388,100,29.926918
-44.520982,100,29.945549
-37.791307,100,29.964935
-42.471742,100,29.97842
-40.125099,100,30.678759
-37.342107,100,30.696527
-44.506451,100,30.71395
-37.597942,100,30.736785
-41.016482,100,30.754653
-38.872938,100,30.770432
-33.242487,100,30.797471
-39.459992,100,30.820844
-35.942046,100,30.838236
-34.857659,100,30.855944
-45.288808,100,30.886882
-40.187569,100,30.904101
-39.724603,100,30.921064
-41.736186,100,30.942403
-37.976603,100,30.959946
-37.713661,100,30.978394
-42.0506,100,31.00408
-38.916454,100,31.026599
-39.157276,100,31.04564
-34.368694,100,31.070141
-34.478386,100,31.823211
-39.798475,100,31.841051
-46.077388,100,31.858643
-34.051481,100,31.879142
-0.112993,3,31.879142
-38.686872,100,31.900728
-40.798684,100,31.920769
-37.026136,100,31.941928
-44.044865,100,31.95971
-39.867257,100,31.978758
-39.83145,100,32.00344
-31.994443,100,32.02091
-38.179168,100,32.044007
-41.877122,100,32.068259
-44.10269,100,32.087396
-39.528874,100,32.106611
-32.029767,100,32.128704
-38.711749,100,32.145776
-44.715294,100,32.170508
-35.807188,100,32.187158
-38.779413,100,32.211784
-40.334947,100,32.228977
-37.067835,100,32.987184
-32.920831,100,33.0044
-33.180998,100,33.041272
-40.02832,100,33.062374
-36.189174,100,33.078567
-38.228283,100,33.101613
-40.149196,100,33.120605
-34.104202,100,33.145628
-36.597262,100,33.170563
-36.561813,100,33.201588
-37.556384,100,33.220599
-46.819726,100,33.24825
-2.239148,5,33.250313
-38.663989,100,33.274919
-32.277178,100,33.287723
-8e-06,1,33.287723
-38.569059,100,33.315046
-39.607105,100,33.328897
-38.937418,100,33.355667
-38.6938,100,33.378521
-45.187769,100,33.404076
-42.104184,100,33.420575
-43.021424,100,34.102348
-38.508748,100,34.120439
-38.072217,100,34.145906
-33.205111,100,34.168153
-40.33454,100,34.195171
-37.136417,100,34.21302
-40.723483,100,34.22856
-42.046351,100,34.254701
-36.52641,100,34.270122
-39.102754,100,34.299445
-38.564536,100,34.320549
-42.420995,100,34.348568
-41.737289,100,34.370205
-36.618434,100,34.39719
-33.041685,100,34.418041
-37.051632,100,34.439024
-43.293345,100,34.464372
-42.472384,100,34.479011
-44.54274,100,34.504158
-37.77692,100,34.521234
-44.140131,100,34.540044
-50.459657,100,35.287247
-35.33053,100,35.304402
-37.070731,100,35.32899
-42.062676,100,35.345668
-39.106616,100,35.370259
-46.913254,100,35.38686
-36.529615,100,35.470238
-38.068999,100,35.48698
-41.684692,100,35.516378
-34.313578,100,35.532727
-46.099023,100,35.560927
-39.842011,100,35.579734
-42.259166,100,35.601386
-38.52593,100,35.628553
-46.089452,100,35.64527
-40.390163,100,35.670245
-34.743501,100,35.687375
-35.998279,100,35.717993
-32.555347,100,35.738327
-41.250852,100,35.759906
-41.785919,100,36.501366
-41.238337,100,36.520041
-40.833325,100,36.541125
-38.767605,100,36.564111
-34.582458,100,36.578981
-34.938743,100,36.604137
-43.739297,100,36.620367
-34.353697,100,36.645811
-43.147973,100,36.665468
-34.985189,100,36.678552
-42.325131,100,36.703086
-43.636777,100,36.720215
-35.508624,100,36.745146
-38.695537,100,36.771396
-44.921523,100,36.797742
-36.795866,100,36.823817
-39.594422,100,36.84582
-39.408849,100,36.868161
-34.867621,100,36.87857
-40.7037,100,36.903522
-42.954759,100,37.586892
-2.705641,7,37.586892
-36.913207,100,37.608604
-39.261742,100,37.625642
-37.617045,100,37.643443
-38.942724,100,37.66013
-36.498734,100,37.677099
-45.857926,100,37.699878
-38.889493,100,37.720303
-37.102792,100,37.740139
-33.946073,100,37.756864
-40.84158,100,37.778649
-36.93546,100,37.796576
-33.575085,100,37.813198
-32.737467,100,37.82902
-37.692455,100,37.846122
-37.565648,100,37.862773
-36.461032,100,37.887556
-37.780096,100,37.912113
-41.281569,100,37.938319
-40.802211,100,37.960989
-36.073708,100,37.982459
-33.853168,100,38.667094
-38.521208,100,38.68766
-36.072876,100,38.712342
-36.873469,100,38.736953
-38.856766,100,38.759824
-32.740346,100,38.778581
-40.806111,100,38.801487
-38.131235,100,38.820889
-36.179766,100,38.839128
-37.560834,100,38.858845
-32.164887,100,38.870235
-35.055222,100,38.886931
-38.016871,100,38.904415
-39.42239,100,38.928618
-36.204761,100,38.95581
-41.124179,100,38.978626
-35.633954,100,39.00056
-35.609662,100,39.020696
-31.06037,100,39.042212
-27.769359,100,39.061756
-36.094921,100,39.770074
-30.796385,100,39.79532
-30.384306,100,39.813018
-35.04075,100,39.829041
-38.660049,100,39.846061
-39.062363,100,39.864374
-28.196847,100,39.879147
-30.6555,100,39.910336
-34.360082,100,39.929047
-32.131431,100,39.953635
-30.963692,100,39.970429
-40.431803,100,39.990039
-39.014721,100,40.010347
-32.97938,100,40.041332
-30.483721,100,40.067328
-28.888203,100,40.087366
-28.915372,100,40.113076
-37.430819,100,40.142367
-34.30804,100,40.166472
-36.080432,100,40.19128
-0.619497,3,40.19128
-32.982274,100,40.215157
-41.28853,100,40.958873
-35.071797,100,40.970317
-35.280637,100,40.995407
-30.0601,100,41.07077
-36.044206,100,41.098379
-32.179737,100,41.120976
-27.685171,100,41.140403
-26.702255,100,41.164361
-34.639379,100,41.179316
-31.305934,100,41.203515
-37.702906,97,41.225691
-36.923722,100,41.254918
-38.011772,100,41.270324
-40.346517,100,41.301569
-35.249584,100,41.328668
-30.927747,100,41.345774
-33.456024,100,41.370374
-33.654612,100,41.387019
-32.030469,100,41.404322
-37.549874,100,41.43428
-30.58378,100,42.17075
-44.237494,100,42.187919
-30.961183,100,42.20411
-26.745452,100,42.220969
-5.1e-05,1,42.220969
-39.644939,100,42.256075
-35.186009,100,42.279138
-34.096847,100,42.300682
-41.573303,100,42.32106
-38.568407,100,42.341276
-35.88395,100,42.36099
-31.527921,100,42.3791
-34.227169,100,42.404305
-33.303713,100,42.420352
-32.285622,100,42.445847
-32.005514,100,42.472043
-31.005555,100,42.487561
-37.257634,100,42.504245
-25.870273,100,42.520817
-31.540464,100,42.542308
-4.6e-05,1,42.542308
-37.803479,100,42.559099
-36.656325,100,42.582657
-30.248226,100,43.278771
-25.022878,100,43.297639
-39.326215,100,43.312107
-27.206558,100,43.340125
-32.305858,100,43.359962
-32.894313,100,43.378755
-27.825588,100,43.398425
-28.555292,100,43.420405
-37.647954,100,43.445478
-34.246296,100,43.4705
-30.863446,100,43.487855
-26.376459,100,43.512121
-29.046942,100,43.529176
-32.038963,100,43.548607
-27.14978,100,43.568538
-29.322404,100,43.587059
-29.231098,100,43.604394
-36.792787,100,43.640335
-29.44686,100,43.662935
-27.725286,100,43.680921
-37.300804,100,44.387426
-38.13929,100,44.406021
-27.965129,100,44.420704
-31.957936,100,44.444339
-34.398797,100,44.468545
-28.446968,100,44.487726
-30.176223,100,44.504438
-24.314183,100,44.529154
-4.6e-05,1,44.529154
-32.720227,100,44.56002
-24.896773,100,44.580984
-32.642947,100,44.599616
-31.528058,100,44.616541
-36.598891,100,44.638367
-33.733515,100,44.660091
-27.358785,100,44.679294
-5.937724,25,44.679294
-42.20257,100,44.702622
-33.936422,100,44.725337
-36.143566,100,44.744352
-32.016746,100,44.763093
-37.260972,100,44.77917
-25.022507,100,45.509022
-32.522395,100,45.521177
-0.148643,3,45.521177
-1.405901,7,45.528836
-26.727935,100,45.545433
-33.195904,100,45.56289
-42.742525,100,45.587742
-28.057064,100,45.604275
-29.918587,100,45.6257
-26.715197,100,45.646379
-38.627204,100,45.667644
-30.476503,100,45.690769
-37.511973,100,45.704215
-29.449818,100,45.728819
-25.768788,100,45.755129
-4.139693,10,45.757127
-22.64754,100,45.787148
-30.963881,100,45.804178
-25.600222,100,45.820984
-40.05405,100,45.846202
-28.535814,100,45.865074
-29.559673,100,45.882417
-1.156791,2,45.88346
-39.710485,100,45.903883
-35.908931,100,45.920402
-27.639725,100,46.587152
-26.265222,100,46.655888
-31.964474,100,46.67918
-32.147927,100,46.70462
-27.713581,100,46.721107
-0.024077,2,46.721107
-29.011451,100,46.746101
-29.103115,100,46.762668
-27.132897,100,46.787562
-0.46123,2,46.787562
-0.16108,2,46.787562
-27.555,100,46.812159
-23.851673,100,46.828832
-28.54471,100,46.847914
-24.234544,100,46.871021
-28.343882,100,46.887309
-22.296288,100,46.904609
-31.708675,100,46.933197
-0.003498,2,46.934241
-28.062207,100,46.957393
-30.774732,100,46.985327
-25.396469,100,47.004508
-25.67325,100,47.029535
-30.564008,100,47.046103
-26.823203,100,47.778846
-26.849805,100,47.797817
-29.241881,100,47.824876
-27.595468,100,47.843462
-33.98548,100,47.861058
-22.150601,100,47.881301
-37.162105,100,47.904531
-23.564697,100,47.92895
-23.187579,100,47.946218
-22.804704,100,47.970474
-25.871203,100,47.987188
-23.652467,100,48.007643
-27.541955,100,48.029433
-31.327777,100,48.047334
-29.171931,100,48.064456
-29.114,100,48.079262
-28.970002,100,48.097784
-24.589987,100,48.119443
-27.607743,100,48.143255
-22.755448,100,48.162893
-19.78381,100,48.179371
-24.532843,100,48.868475
-1.704181,9,48.870473
-23.293551,100,48.892287
-24.183712,100,48.920511
-28.079171,100,48.941624
-28.883285,100,48.962502
-25.863103,100,48.987681
-28.054321,100,49.013405
-28.921374,100,49.029504
-24.000629,100,49.053916
-21.873035,100,49.07094
-24.827072,100,49.095614
-0.268382,3,49.096749
-25.991679,100,49.117621
-28.140747,100,49.140372
-29.222084,100,49.159059
-24.154428,100,49.181489
-34.373734,100,49.216885
-28.408341,100,49.229355
-24.761377,100,49.257134
-32.416727,100,49.278933
-22.119379,100,49.302835
-1.497384,10,49.304479
-24.347562,100,50.070934
-24.867965,100,50.087621
-25.329219,100,50.112223
-24.453545,100,50.129317
-19.468201,100,50.146049
-21.654783,100,50.179513
-26.704479,100,50.200741
-21.85319,100,50.219689
-20.63346,100,50.236784
-26.096883,100,50.24624
-23.035407,100,50.270636
-23.403931,100,50.283763
-30.70534,100,50.312288
-25.205988,100,50.329361
-23.59639,100,50.353987
-28.864724,100,50.370602
-26.755026,100,50.38767
-24.796861,100,50.414426
-22.465701,100,50.435479
-20.805561,100,50.457145
-19.16927,100,51.212324
-22.191757,100,51.229329
-25.842361,100,51.246006
-33.446109,100,51.270641
-21.944054,100,51.290855
-26.189438,100,51.312725
-24.425225,100,51.334219
-27.460864,100,51.354003
-31.985911,100,51.371171
-23.912199,100,51.387758
-28.23831,100,51.404874
-27.119679,100,51.427996
-22.955845,100,51.45074
-0.134414,3,51.452748
-22.844241,100,51.470649
-24.899431,100,51.495753
-26.350043,100,51.513566
-2.7e-05,1,51.514564
-22.274021,100,51.529424
-10.387381,46,51.543734
-21.107821,100,51.570662
-24.152073,100,51.587799
-20.41822,100,51.666801
-11.831636,55,51.681687
-1.669213,5,51.683697
-20.00652,100,52.490631
-23.544568,100,52.51309
-20.156768,100,52.529473
-18.27777,100,52.546528
-27.99937,100,52.563219
-21.846693,100,52.587882
-21.313447,100,52.612553
-25.82921,100,52.633714
-25.207304,100,52.659906
-25.267827,100,52.682699
-20.710639,100,52.706211
-26.732577,100,52.723368
-21.690802,100,52.740615
-26.184139,100,52.757663
-22.436551,100,52.770675
-18.529493,100,52.78782
-20.563258,100,52.804785
-21.517611,100,52.829129
-8.084714,39,52.836037
-19.947517,100,52.858501
-24.038759,100,52.879509
-19.510776,100,53.612754
-1.719649,7,53.612754
-21.824862,100,53.641733
-22.897935,100,53.660326
-15.847019,100,53.679079
-19.538506,100,53.700764
-22.032214,100,53.719702
-20.874926,100,53.74169
-21.413711,100,53.76286
-23.100376,100,53.787758
-1.552805,7,53.789832
-4.087992,18,53.795748
-23.551206,100,53.820723
-22.78647,100,53.841524
-25.267195,100,53.861254
-23.883377,100,53.881727
-11.025289,65,53.895689
-20.95513,100,53.924123
-19.676859,100,53.946062
-25.310132,100,53.965828
-20.597832,100,53.987867
-21.188818,100,54.015862
-18.657386,100,54.038891
-25.347488,100,54.779058
-18.554702,100,54.800084
-18.965342,100,54.812919
-17.841626,100,54.829865
-20.082851,100,54.854127
-22.570653,100,54.871105
-20.031005,100,54.887572
-13.539591,100,54.912616
-17.63777,100,54.929822
-22.961422,100,54.956323
-20.410247,100,54.9714
-22.528166,100,55.002078
-15.969809,100,55.021276
-16.251534,100,55.043186
-20.030436,100,55.066401
-19.852553,100,55.087435
-22.036613,100,55.10439
-23.87201,100,55.121506
-24.661451,100,55.146282
-23.343791,100,55.169008
-21.631265,100,55.187428
-17.597612,100,55.879543
-17.020448,100,55.904507
-23.11276,100,55.921382
-21.528253,100,55.946627
-19.297779,100,55.975142
-18.583387,100,55.995756
-16.187492,100,56.012799
-21.17096,100,56.029702
-16.859715,100,56.06038
-13.421767,86,56.07115
-21.706949,100,56.103246
-17.409811,100,56.122923
-18.503172,100,56.141664
-10.249532,56,56.155408
-21.142631,100,56.170741
-21.446437,100,56.199348
-19.379606,100,56.222981
-25.812986,100,56.242645
-11.614077,49,56.246539
-20.667242,100,56.2713
-14.530945,100,56.287453
-20.618188,100,57.062427
-16.35253,100,57.079555
-19.90977,100,57.101054
-19.483178,100,57.122934
-17.924177,100,57.144314
-12.968218,100,57.171517
-17.480907,100,57.195976
-17.356412,100,57.213102
-17.713454,100,57.238851
-0.069926,2,57.238851
-15.870565,100,57.256325
-16.929612,100,57.271209
-18.49771,100,57.30311
-22.017109,100,57.325075
-19.442716,100,57.344768
-16.743779,100,57.367903
-18.328281,100,57.387457
-16.498879,100,57.414494
-21.050963,100,57.479549
-13.598145,68,57.487923
-16.447112,100,57.512521
-15.314874,100,57.535666
